Time,1,2,3,Dose
0,0,1.947061,0,350
2,100,100,100,
5,100,92.37828,100,
10,84.39915,93.66777,91.74174,
15,34.86221,38.38211,29.99516,
20,16.23058,8.957081,3.107673,
25,15.64785,0,0,
30,12.16962,0,0,
60,2.5134,0,0,
