Time,1,2,3,Dose
0,6.376495,8.495237,6.282844,150
2,39.40436,37.34491,33.51494,
5,18.11695,19.16382,16.41013,
10,9.327704,8.629428,6.01222,
15,9.214676,9.285952,7.267416,
20,8.679822,9.362534,7.870282,
25,9.319789,10.60632,7.711757,
30,8.838417,11.17859,7.716918,
60,8.249729,11.35005,8.562515,
