Time,1,2,3
0,0,0,0
2,0,4.316784,0
5,0,0,0
10,10.25795,9.793231,0
15,0,0,0
20,0,4.773238,0
25,0,0,0
30,0,0,0
60,0,0,0
