Time,1
0,0
2,38.01706
5,69.89244
10,73.55354
15,72.57012
20,81.41682
25,86.9874
30,87.93107
60,77.0032
