Time,1
0,0
2,27.59279
5,68.31906
10,91.9429
15,96.05094
20,98.59686
25,97.99853
30,98.61572
60,98.1324
