Time,1
0,0
2,25.20335
5,45.78805
10,37.12274
15,41.21224
20,59.39595
25,70.35851
30,72.60542
60,60.6848
