Time,1
0,0
2,17.62855
5,62.28514
10,90.31416
15,95.95064
20,97.48689
25,98.07415
30,96.77265
60,98.4532
