Time,1
0,0
2,0
5,0
10,0
15,0
20,1.361472
25,4.18506
30,10.96123
60,8.387
