Time,1,2,3,Dose
0,0,0,0,250
2,38.01706,38.01706,38.01706,
5,69.89244,69.89244,69.89244,
10,73.55354,73.55354,73.55354,
15,72.57012,72.57012,72.57012,
20,81.41682,81.41682,81.41682,
25,86.9874,86.9874,86.9874,
30,87.93107,87.93107,87.93107,
60,77.0032,77.0032,77.0032,
